skill_id,registry_id,slug,rule_id,severity,category,message
lobehub:agent_gpt-4-dan-assistant,lobehub,agent_gpt-4-dan-assistant,PROMPT_INJECTION_011,CRITICAL,prompt-injection,
lobehub:plugin_seo_assistant,lobehub,plugin_seo_assistant,PROMPT_INJECTION_011,CRITICAL,prompt-injection,
skills-sh:affaan-m_everything-claude-code__deployment-patterns,skills-sh,affaan-m_everything-claude-code__deployment-patterns,EXTDL_007,CRITICAL,external-download,
skills-sh:affaan-m_everything-claude-code__docker-patterns,skills-sh,affaan-m_everything-claude-code__docker-patterns,EXTDL_007,CRITICAL,external-download,
skills-sh:aj-geddes_useful-ai-prompts__aws-ec2-setup,skills-sh,aj-geddes_useful-ai-prompts__aws-ec2-setup,EXTDL_007,CRITICAL,external-download,
skills-sh:aj-geddes_useful-ai-prompts__backup-disaster-recovery,skills-sh,aj-geddes_useful-ai-prompts__backup-disaster-recovery,CRED_002,CRITICAL,credential-leak,
skills-sh:aj-geddes_useful-ai-prompts__cloud-cost-management,skills-sh,aj-geddes_useful-ai-prompts__cloud-cost-management,SUPPLY_003,CRITICAL,external-download,
skills-sh:aj-geddes_useful-ai-prompts__deployment-documentation,skills-sh,aj-geddes_useful-ai-prompts__deployment-documentation,EXTDL_007,CRITICAL,external-download,
skills-sh:aj-geddes_useful-ai-prompts__gcp-cloud-functions,skills-sh,aj-geddes_useful-ai-prompts__gcp-cloud-functions,EXTDL_007,CRITICAL,external-download,
skills-sh:aj-geddes_useful-ai-prompts__gcp-cloud-functions,skills-sh,aj-geddes_useful-ai-prompts__gcp-cloud-functions,SUPPLY_003,CRITICAL,external-download,
skills-sh:aj-geddes_useful-ai-prompts__log-aggregation,skills-sh,aj-geddes_useful-ai-prompts__log-aggregation,EXTDL_007,CRITICAL,external-download,
skills-sh:aj-geddes_useful-ai-prompts__oauth-implementation,skills-sh,aj-geddes_useful-ai-prompts__oauth-implementation,CRED_005,CRITICAL,credential-leak,
skills-sh:aj-geddes_useful-ai-prompts__ssl-certificate-management,skills-sh,aj-geddes_useful-ai-prompts__ssl-certificate-management,CRED_002,CRITICAL,credential-leak,
skills-sh:aj-geddes_useful-ai-prompts__vulnerability-scanning,skills-sh,aj-geddes_useful-ai-prompts__vulnerability-scanning,PROMPT_INJECTION_011,CRITICAL,prompt-injection,
skills-sh:apify_agent-skills__apify-actor-development,skills-sh,apify_agent-skills__apify-actor-development,SUPPLY_003,CRITICAL,external-download,
skills-sh:apify_agent-skills__apify-actorization,skills-sh,apify_agent-skills__apify-actorization,SUPPLY_003,CRITICAL,external-download,
skills-sh:apify_agent-skills__apify-actorization,skills-sh,apify_agent-skills__apify-actorization,EXTDL_007,CRITICAL,external-download,
skills-sh:apollographql_skills__apollo-mcp-server,skills-sh,apollographql_skills__apollo-mcp-server,EXTDL_007,CRITICAL,external-download,
skills-sh:apollographql_skills__apollo-mcp-server,skills-sh,apollographql_skills__apollo-mcp-server,SUPPLY_003,CRITICAL,external-download,
skills-sh:apollographql_skills__rover,skills-sh,apollographql_skills__rover,EXTDL_007,CRITICAL,external-download,
skills-sh:apollographql_skills__rover,skills-sh,apollographql_skills__rover,SUPPLY_003,CRITICAL,external-download,
skills-sh:arcblock_idd__intent-plan,skills-sh,arcblock_idd__intent-plan,EXTDL_007,CRITICAL,external-download,
skills-sh:astronomer_agents__cosmos-dbt-fusion,skills-sh,astronomer_agents__cosmos-dbt-fusion,SUPPLY_003,CRITICAL,external-download,
skills-sh:austintgriffith_ethereum-wingman__ethereum-wingman,skills-sh,austintgriffith_ethereum-wingman__ethereum-wingman,EXTDL_007,CRITICAL,external-download,
skills-sh:axiomhq_skills__axiom-sre,skills-sh,axiomhq_skills__axiom-sre,NLP_CRED_EXFIL_COMBO,CRITICAL,exfiltration,
skills-sh:azurecosmosdb_cosmosdb-agent-kit__cosmosdb-best-practices,skills-sh,azurecosmosdb_cosmosdb-agent-kit__cosmosdb-best-practices,PROMPT_INJECTION_011,CRITICAL,prompt-injection,
skills-sh:bankrbot_openclaw-skills__neynar,skills-sh,bankrbot_openclaw-skills__neynar,PROMPT_INJECTION_011,CRITICAL,prompt-injection,
skills-sh:bobmatnyc_claude-mpm-skills__docker,skills-sh,bobmatnyc_claude-mpm-skills__docker,EXTDL_007,CRITICAL,external-download,
skills-sh:bobmatnyc_claude-mpm-skills__drizzle-migrations,skills-sh,bobmatnyc_claude-mpm-skills__drizzle-migrations,EXTDL_007,CRITICAL,external-download,
skills-sh:browser-use_browser-use__browser-use,skills-sh,browser-use_browser-use__browser-use,EXTDL_007,CRITICAL,external-download,
skills-sh:browser-use_browser-use__browser-use,skills-sh,browser-use_browser-use__browser-use,SUPPLY_003,CRITICAL,external-download,
skills-sh:browser-use_browser-use__browser-use,skills-sh,browser-use_browser-use__browser-use,SUPPLY_003,CRITICAL,external-download,
skills-sh:browser-use_browser-use__browser-use,skills-sh,browser-use_browser-use__browser-use,SUPPLY_003,CRITICAL,external-download,
skills-sh:browser-use_browser-use__browser-use,skills-sh,browser-use_browser-use__browser-use,SUPPLY_003,CRITICAL,external-download,
skills-sh:browser-use_browser-use__browser-use,skills-sh,browser-use_browser-use__browser-use,SUPPLY_003,CRITICAL,external-download,
skills-sh:browser-use_browser-use__remote-browser,skills-sh,browser-use_browser-use__remote-browser,SUPPLY_003,CRITICAL,external-download,
skills-sh:browser-use_browser-use__remote-browser,skills-sh,browser-use_browser-use__remote-browser,EXTDL_007,CRITICAL,external-download,
skills-sh:browser-use_browser-use__remote-browser,skills-sh,browser-use_browser-use__remote-browser,SUPPLY_003,CRITICAL,external-download,
clawhub:agentvoices,clawhub,agentvoices,MCP_007,HIGH,mcp-attack,
clawhub:multi-workplace,clawhub,multi-workplace,EXFIL_011,HIGH,exfiltration,
clawhub:stack-scaffold,clawhub,stack-scaffold,EXFIL_007,HIGH,exfiltration,
clawhub:tester,clawhub,tester,PROMPT_INJECTION_017,HIGH,prompt-injection,
clawhub:tester,clawhub,tester,PROMPT_INJECTION_017,HIGH,prompt-injection,
clawhub:the-uninscribed,clawhub,the-uninscribed,MCP_007,HIGH,mcp-attack,
clawhub:the-uninscribed,clawhub,the-uninscribed,EXFIL_002,HIGH,exfiltration,
skills-sh:affaan-m_everything-claude-code__deployment-patterns,skills-sh,affaan-m_everything-claude-code__deployment-patterns,SUPPLY_005,HIGH,supply-chain,
skills-sh:aj-geddes_useful-ai-prompts__backup-disaster-recovery,skills-sh,aj-geddes_useful-ai-prompts__backup-disaster-recovery,NLP_CODE_MISMATCH,HIGH,prompt-injection,
skills-sh:aj-geddes_useful-ai-prompts__backup-disaster-recovery,skills-sh,aj-geddes_useful-ai-prompts__backup-disaster-recovery,NLP_CODE_MISMATCH,HIGH,prompt-injection,
skills-sh:aj-geddes_useful-ai-prompts__backup-disaster-recovery,skills-sh,aj-geddes_useful-ai-prompts__backup-disaster-recovery,NLP_CODE_MISMATCH,HIGH,prompt-injection,
skills-sh:aj-geddes_useful-ai-prompts__deployment-documentation,skills-sh,aj-geddes_useful-ai-prompts__deployment-documentation,CRED_006,HIGH,credential-leak,
skills-sh:aj-geddes_useful-ai-prompts__deployment-documentation,skills-sh,aj-geddes_useful-ai-prompts__deployment-documentation,NLP_CODE_MISMATCH,HIGH,prompt-injection,
skills-sh:aj-geddes_useful-ai-prompts__log-aggregation,skills-sh,aj-geddes_useful-ai-prompts__log-aggregation,NLP_CODE_MISMATCH,HIGH,prompt-injection,
skills-sh:aj-geddes_useful-ai-prompts__log-aggregation,skills-sh,aj-geddes_useful-ai-prompts__log-aggregation,SSRF_005,HIGH,ssrf-cloud,
skills-sh:aj-geddes_useful-ai-prompts__log-aggregation,skills-sh,aj-geddes_useful-ai-prompts__log-aggregation,SSRF_003,HIGH,ssrf-cloud,
skills-sh:aj-geddes_useful-ai-prompts__log-aggregation,skills-sh,aj-geddes_useful-ai-prompts__log-aggregation,SSRF_005,HIGH,ssrf-cloud,
skills-sh:aj-geddes_useful-ai-prompts__ssl-certificate-management,skills-sh,aj-geddes_useful-ai-prompts__ssl-certificate-management,NLP_CODE_MISMATCH,HIGH,prompt-injection,
skills-sh:astronomer_agents__cosmos-dbt-fusion,skills-sh,astronomer_agents__cosmos-dbt-fusion,SUPPLY_005,HIGH,supply-chain,
skills-sh:axiomhq_skills__axiom-sre,skills-sh,axiomhq_skills__axiom-sre,PROMPT_INJECTION_008,HIGH,prompt-injection,
skills-sh:bankrbot_openclaw-skills__neynar,skills-sh,bankrbot_openclaw-skills__neynar,MCP_007,HIGH,mcp-attack,
skills-sh:aahl_skills__mcp-duckgo,skills-sh,aahl_skills__mcp-duckgo,MCP_011,HIGH,mcp-attack,
skills-sh:aahl_skills__mcp-duckgo,skills-sh,aahl_skills__mcp-duckgo,EXTDL_003,HIGH,external-download,
skills-sh:aahl_skills__mcp-duckgo,skills-sh,aahl_skills__mcp-duckgo,EXTDL_003,HIGH,external-download,
skills-sh:aahl_skills__mcp-duckgo,skills-sh,aahl_skills__mcp-duckgo,MCP_011,HIGH,mcp-attack,
skills-sh:aahl_skills__mcp-hass,skills-sh,aahl_skills__mcp-hass,EXTDL_003,HIGH,external-download,
skills-sh:aahl_skills__mcp-hass,skills-sh,aahl_skills__mcp-hass,EXTDL_003,HIGH,external-download,
skills-sh:aahl_skills__mcp-hass,skills-sh,aahl_skills__mcp-hass,EXTDL_003,HIGH,external-download,
skills-sh:aahl_skills__mcp-hass,skills-sh,aahl_skills__mcp-hass,EXTDL_003,HIGH,external-download,
skills-sh:aahl_skills__mcp-hass,skills-sh,aahl_skills__mcp-hass,EXTDL_003,HIGH,external-download,
skills-sh:aahl_skills__mcp-hass,skills-sh,aahl_skills__mcp-hass,EXTDL_003,HIGH,external-download,
skills-sh:aahl_skills__mcp-hass,skills-sh,aahl_skills__mcp-hass,EXTDL_003,HIGH,external-download,
skills-sh:aahl_skills__mcp-hass,skills-sh,aahl_skills__mcp-hass,EXTDL_003,HIGH,external-download,
skills-sh:aahl_skills__mcp-hass,skills-sh,aahl_skills__mcp-hass,EXTDL_003,HIGH,external-download,
skills-sh:aahl_skills__mcp-hass,skills-sh,aahl_skills__mcp-hass,EXTDL_003,HIGH,external-download,
skills-sh:aahl_skills__mcp-vods,skills-sh,aahl_skills__mcp-vods,EXTDL_003,HIGH,external-download,
skills-sh:aahl_skills__mcp-vods,skills-sh,aahl_skills__mcp-vods,MCP_011,HIGH,mcp-attack,
skills-sh:aahl_skills__mcp-vods,skills-sh,aahl_skills__mcp-vods,MCP_011,HIGH,mcp-attack,
skills-sh:aahl_skills__mcp-vods,skills-sh,aahl_skills__mcp-vods,EXTDL_003,HIGH,external-download,
skills-sh:aahl_skills__mcp-vods,skills-sh,aahl_skills__mcp-vods,EXTDL_003,HIGH,external-download,
skills-sh:aahl_skills__mcp-vods,skills-sh,aahl_skills__mcp-vods,MCP_011,HIGH,mcp-attack,
skills-sh:aahl_skills__mcp-vods,skills-sh,aahl_skills__mcp-vods,EXTDL_003,HIGH,external-download,
skills-sh:aahl_skills__mcp-vods,skills-sh,aahl_skills__mcp-vods,MCP_011,HIGH,mcp-attack,
skills-sh:aahl_skills__mcp-vods,skills-sh,aahl_skills__mcp-vods,EXTDL_003,HIGH,external-download,
skills-sh:aaron-he-zhu_seo-geo-claude-skills__memory-management,skills-sh,aaron-he-zhu_seo-geo-claude-skills__memory-management,PROMPT_INJECTION_016,HIGH,prompt-injection,
skills-sh:aaron-he-zhu_seo-geo-claude-skills__memory-management,skills-sh,aaron-he-zhu_seo-geo-claude-skills__memory-management,PROMPT_INJECTION_016,HIGH,prompt-injection,
skills-sh:aaron-he-zhu_seo-geo-claude-skills__memory-management,skills-sh,aaron-he-zhu_seo-geo-claude-skills__memory-management,PROMPT_INJECTION_016,HIGH,prompt-injection,
skills-sh:aaron-he-zhu_seo-geo-claude-skills__memory-management,skills-sh,aaron-he-zhu_seo-geo-claude-skills__memory-management,PROMPT_INJECTION_016,HIGH,prompt-injection,
skills-sh:aaron-he-zhu_seo-geo-claude-skills__seo-content-writer,skills-sh,aaron-he-zhu_seo-geo-claude-skills__seo-content-writer,MCP_007,HIGH,mcp-attack,
skills-sh:aaronontheweb_dotnet-skills__csharp-concurrency-patterns,skills-sh,aaronontheweb_dotnet-skills__csharp-concurrency-patterns,EXFIL_012,HIGH,exfiltration,
skills-sh:adisinghstudent_easyclaw__openclaw-config,skills-sh,adisinghstudent_easyclaw__openclaw-config,SSRF_002,HIGH,ssrf-cloud,
skills-sh:adisinghstudent_easyclaw__openclaw-config,skills-sh,adisinghstudent_easyclaw__openclaw-config,EXFIL_012,HIGH,exfiltration,
skills-sh:adisinghstudent_easyclaw__openclaw-config,skills-sh,adisinghstudent_easyclaw__openclaw-config,SSRF_002,HIGH,ssrf-cloud,
skills-sh:adisinghstudent_easyclaw__openclaw-config,skills-sh,adisinghstudent_easyclaw__openclaw-config,EXFIL_012,HIGH,exfiltration,
skills-sh:adisinghstudent_easyclaw__openclaw-config,skills-sh,adisinghstudent_easyclaw__openclaw-config,SUPPLY_011,HIGH,supply-chain,
skills-sh:aj-geddes_useful-ai-prompts__access-control-rbac,skills-sh,aj-geddes_useful-ai-prompts__access-control-rbac,MCP_002,HIGH,mcp-attack,
skills-sh:aj-geddes_useful-ai-prompts__api-gateway-configuration,skills-sh,aj-geddes_useful-ai-prompts__api-gateway-configuration,SSRF_005,HIGH,ssrf-cloud,
skills-sh:aj-geddes_useful-ai-prompts__autoscaling-configuration,skills-sh,aj-geddes_useful-ai-prompts__autoscaling-configuration,NLP_CODE_MISMATCH,HIGH,prompt-injection,
skills-sh:aj-geddes_useful-ai-prompts__blue-green-deployment,skills-sh,aj-geddes_useful-ai-prompts__blue-green-deployment,NLP_CODE_MISMATCH,HIGH,prompt-injection,
skills-sh:aj-geddes_useful-ai-prompts__blue-green-deployment,skills-sh,aj-geddes_useful-ai-prompts__blue-green-deployment,NLP_CODE_MISMATCH,HIGH,prompt-injection,
skills-sh:aj-geddes_useful-ai-prompts__canary-deployment,skills-sh,aj-geddes_useful-ai-prompts__canary-deployment,NLP_CODE_MISMATCH,HIGH,prompt-injection,
skills-sh:aj-geddes_useful-ai-prompts__canary-deployment,skills-sh,aj-geddes_useful-ai-prompts__canary-deployment,NLP_CODE_MISMATCH,HIGH,prompt-injection,
skills-sh:aj-geddes_useful-ai-prompts__configuration-management,skills-sh,aj-geddes_useful-ai-prompts__configuration-management,EXFIL_007,HIGH,exfiltration,
skills-sh:aj-geddes_useful-ai-prompts__container-registry-management,skills-sh,aj-geddes_useful-ai-prompts__container-registry-management,NLP_CODE_MISMATCH,HIGH,prompt-injection,
skills-sh:aj-geddes_useful-ai-prompts__continuous-testing,skills-sh,aj-geddes_useful-ai-prompts__continuous-testing,SUPPLY_005,HIGH,supply-chain,
skills-sh:aj-geddes_useful-ai-prompts__cross-platform-compatibility,skills-sh,aj-geddes_useful-ai-prompts__cross-platform-compatibility,SUPPLY_005,HIGH,supply-chain,
skills-sh:aj-geddes_useful-ai-prompts__deployment-automation,skills-sh,aj-geddes_useful-ai-prompts__deployment-automation,SSRF_003,HIGH,ssrf-cloud,
skills-sh:aj-geddes_useful-ai-prompts__disaster-recovery-testing,skills-sh,aj-geddes_useful-ai-prompts__disaster-recovery-testing,NLP_CODE_MISMATCH,HIGH,prompt-injection,
skills-sh:aj-geddes_useful-ai-prompts__dns-management,skills-sh,aj-geddes_useful-ai-prompts__dns-management,NLP_CODE_MISMATCH,HIGH,prompt-injection,
skills-sh:aj-geddes_useful-ai-prompts__dns-management,skills-sh,aj-geddes_useful-ai-prompts__dns-management,NLP_CODE_MISMATCH,HIGH,prompt-injection,
skills-sh:aj-geddes_useful-ai-prompts__documentation-site-setup,skills-sh,aj-geddes_useful-ai-prompts__documentation-site-setup,PROMPT_INJECTION_002,HIGH,prompt-injection,
skills-sh:aj-geddes_useful-ai-prompts__documentation-site-setup,skills-sh,aj-geddes_useful-ai-prompts__documentation-site-setup,PROMPT_INJECTION_002,HIGH,prompt-injection,
skills-sh:aj-geddes_useful-ai-prompts__email-service-integration,skills-sh,aj-geddes_useful-ai-prompts__email-service-integration,EXFIL_007,HIGH,exfiltration,
skills-sh:aj-geddes_useful-ai-prompts__infrastructure-cost-optimization,skills-sh,aj-geddes_useful-ai-prompts__infrastructure-cost-optimization,NLP_CODE_MISMATCH,HIGH,prompt-injection,
skills-sh:aj-geddes_useful-ai-prompts__infrastructure-monitoring,skills-sh,aj-geddes_useful-ai-prompts__infrastructure-monitoring,SSRF_003,HIGH,ssrf-cloud,
skills-sh:aj-geddes_useful-ai-prompts__infrastructure-monitoring,skills-sh,aj-geddes_useful-ai-prompts__infrastructure-monitoring,SSRF_003,HIGH,ssrf-cloud,
skills-sh:aj-geddes_useful-ai-prompts__ios-swift-development,skills-sh,aj-geddes_useful-ai-prompts__ios-swift-development,PROMPT_INJECTION_009,HIGH,prompt-injection,
skills-sh:aj-geddes_useful-ai-prompts__network-debugging,skills-sh,aj-geddes_useful-ai-prompts__network-debugging,NLP_CODE_MISMATCH,HIGH,prompt-injection,
skills-sh:aj-geddes_useful-ai-prompts__network-debugging,skills-sh,aj-geddes_useful-ai-prompts__network-debugging,NLP_CODE_MISMATCH,HIGH,prompt-injection,
skills-sh:aj-geddes_useful-ai-prompts__nginx-configuration,skills-sh,aj-geddes_useful-ai-prompts__nginx-configuration,SSRF_002,HIGH,ssrf-cloud,
skills-sh:aj-geddes_useful-ai-prompts__penetration-testing,skills-sh,aj-geddes_useful-ai-prompts__penetration-testing,SUPPLY_009,HIGH,supply-chain,
skills-sh:aj-geddes_useful-ai-prompts__penetration-testing,skills-sh,aj-geddes_useful-ai-prompts__penetration-testing,SUPPLY_009,HIGH,supply-chain,
skills-sh:aj-geddes_useful-ai-prompts__penetration-testing,skills-sh,aj-geddes_useful-ai-prompts__penetration-testing,SSRF_002,HIGH,ssrf-cloud,
skills-sh:aj-geddes_useful-ai-prompts__rate-limiting-implementation,skills-sh,aj-geddes_useful-ai-prompts__rate-limiting-implementation,MCP_007,HIGH,mcp-attack,
skills-sh:aj-geddes_useful-ai-prompts__security-testing,skills-sh,aj-geddes_useful-ai-prompts__security-testing,MCP_003,HIGH,mcp-attack,
skills-sh:aj-geddes_useful-ai-prompts__security-testing,skills-sh,aj-geddes_useful-ai-prompts__security-testing,MCP_003,HIGH,mcp-attack,
skills-sh:aj-geddes_useful-ai-prompts__security-testing,skills-sh,aj-geddes_useful-ai-prompts__security-testing,MCP_007,HIGH,mcp-attack,
skills-sh:aj-geddes_useful-ai-prompts__service-mesh-implementation,skills-sh,aj-geddes_useful-ai-prompts__service-mesh-implementation,SSRF_003,HIGH,ssrf-cloud,
skills-sh:aj-geddes_useful-ai-prompts__third-party-integration,skills-sh,aj-geddes_useful-ai-prompts__third-party-integration,EXFIL_007,HIGH,exfiltration,
skills-sh:aj-geddes_useful-ai-prompts__troubleshooting-guide,skills-sh,aj-geddes_useful-ai-prompts__troubleshooting-guide,NLP_CODE_MISMATCH,HIGH,prompt-injection,
skills-sh:aj-geddes_useful-ai-prompts__user-guide-creation,skills-sh,aj-geddes_useful-ai-prompts__user-guide-creation,NLP_CODE_MISMATCH,HIGH,prompt-injection,
skills-sh:alinaqi_claude-bootstrap__llm-patterns,skills-sh,alinaqi_claude-bootstrap__llm-patterns,SUPPLY_009,HIGH,supply-chain,
skills-sh:alinaqi_claude-bootstrap__llm-patterns,skills-sh,alinaqi_claude-bootstrap__llm-patterns,SUPPLY_009,HIGH,supply-chain,
skills-sh:alinaqi_claude-bootstrap__llm-patterns,skills-sh,alinaqi_claude-bootstrap__llm-patterns,SUPPLY_009,HIGH,supply-chain,
skills-sh:alinaqi_claude-bootstrap__nodejs-backend,skills-sh,alinaqi_claude-bootstrap__nodejs-backend,SUPPLY_009,HIGH,supply-chain,
skills-sh:alinaqi_claude-bootstrap__posthog-analytics,skills-sh,alinaqi_claude-bootstrap__posthog-analytics,EXFIL_007,HIGH,exfiltration,
skills-sh:alinaqi_claude-bootstrap__posthog-analytics,skills-sh,alinaqi_claude-bootstrap__posthog-analytics,EXFIL_007,HIGH,exfiltration,
skills-sh:alinaqi_claude-bootstrap__posthog-analytics,skills-sh,alinaqi_claude-bootstrap__posthog-analytics,EXFIL_007,HIGH,exfiltration,
skills-sh:alinaqi_claude-bootstrap__posthog-analytics,skills-sh,alinaqi_claude-bootstrap__posthog-analytics,EXFIL_007,HIGH,exfiltration,
skills-sh:alinaqi_claude-bootstrap__posthog-analytics,skills-sh,alinaqi_claude-bootstrap__posthog-analytics,EXFIL_007,HIGH,exfiltration,
skills-sh:alinaqi_claude-bootstrap__posthog-analytics,skills-sh,alinaqi_claude-bootstrap__posthog-analytics,EXFIL_007,HIGH,exfiltration,
skills-sh:alinaqi_claude-bootstrap__posthog-analytics,skills-sh,alinaqi_claude-bootstrap__posthog-analytics,EXFIL_007,HIGH,exfiltration,
skills-sh:alinaqi_claude-bootstrap__reddit-api,skills-sh,alinaqi_claude-bootstrap__reddit-api,MCP_007,HIGH,mcp-attack,
skills-sh:alinaqi_claude-bootstrap__supabase-python,skills-sh,alinaqi_claude-bootstrap__supabase-python,MCP_007,HIGH,mcp-attack,
skills-sh:am-will_codex-skills__codex-subagent,skills-sh,am-will_codex-skills__codex-subagent,PROMPT_INJECTION_017,HIGH,prompt-injection,
skills-sh:am-will_codex-skills__codex-subagent,skills-sh,am-will_codex-skills__codex-subagent,PROMPT_INJECTION_017,HIGH,prompt-injection,
skills-sh:am-will_codex-skills__parallel-task,skills-sh,am-will_codex-skills__parallel-task,PROMPT_INJECTION_017,HIGH,prompt-injection,
skills-sh:am-will_codex-skills__parallel-task,skills-sh,am-will_codex-skills__parallel-task,PROMPT_INJECTION_017,HIGH,prompt-injection,
skills-sh:analogjs_angular-skills__angular-tooling,skills-sh,analogjs_angular-skills__angular-tooling,SUPPLY_011,HIGH,supply-chain,
skills-sh:antfu_skills__vueuse-functions,skills-sh,antfu_skills__vueuse-functions,PROMPT_INJECTION_009,HIGH,prompt-injection,
skills-sh:anthropics_claude-code__command-development,skills-sh,anthropics_claude-code__command-development,MCP_009,HIGH,mcp-attack,
skills-sh:anthropics_claude-code__command-development,skills-sh,anthropics_claude-code__command-development,NLP_CODE_MISMATCH,HIGH,prompt-injection,
skills-sh:anthropics_claude-code__command-development,skills-sh,anthropics_claude-code__command-development,NLP_CODE_MISMATCH,HIGH,prompt-injection,
skills-sh:anthropics_claude-code__command-development,skills-sh,anthropics_claude-code__command-development,NLP_CODE_MISMATCH,HIGH,prompt-injection,
skills-sh:anthropics_claude-code__hook-development,skills-sh,anthropics_claude-code__hook-development,NLP_CODE_MISMATCH,HIGH,prompt-injection,
skills-sh:anthropics_claude-code__hook-development,skills-sh,anthropics_claude-code__hook-development,NLP_CODE_MISMATCH,HIGH,prompt-injection,
skills-sh:anthropics_claude-code__hook-development,skills-sh,anthropics_claude-code__hook-development,NLP_CODE_MISMATCH,HIGH,prompt-injection,
skills-sh:anthropics_claude-code__hook-development,skills-sh,anthropics_claude-code__hook-development,NLP_CODE_MISMATCH,HIGH,prompt-injection,
skills-sh:anthropics_claude-code__hook-development,skills-sh,anthropics_claude-code__hook-development,NLP_CODE_MISMATCH,HIGH,prompt-injection,
skills-sh:anthropics_claude-code__hook-development,skills-sh,anthropics_claude-code__hook-development,NLP_CODE_MISMATCH,HIGH,prompt-injection,
skills-sh:anthropics_claude-code__plugin-structure,skills-sh,anthropics_claude-code__plugin-structure,NLP_CODE_MISMATCH,HIGH,prompt-injection,
skills-sh:anthropics_claude-code__plugin-structure,skills-sh,anthropics_claude-code__plugin-structure,NLP_CODE_MISMATCH,HIGH,prompt-injection,
skills-sh:anthropics_claude-plugins-official__claude-automation-recommender,skills-sh,anthropics_claude-plugins-official__claude-automation-recommender,EXTDL_006,HIGH,external-download,
skills-sh:anthropics_claude-plugins-official__claude-md-improver,skills-sh,anthropics_claude-plugins-official__claude-md-improver,PROMPT_INJECTION_016,HIGH,prompt-injection,
skills-sh:anthropics_knowledge-work-plugins__performance-analytics,skills-sh,anthropics_knowledge-work-plugins__performance-analytics,MCP_007,HIGH,mcp-attack,
skills-sh:anthropics_skills__mcp-builder,skills-sh,anthropics_skills__mcp-builder,EXTDL_001,HIGH,external-download,
skills-sh:astronomer_agents__cosmos-dbt-core,skills-sh,astronomer_agents__cosmos-dbt-core,SUPPLY_005,HIGH,supply-chain,
skills-sh:astronomer_agents__init,skills-sh,astronomer_agents__init,PROMPT_INJECTION_016,HIGH,prompt-injection,
skills-sh:astronomer_agents__init,skills-sh,astronomer_agents__init,PROMPT_INJECTION_016,HIGH,prompt-injection,
skills-sh:astronomer_agents__init,skills-sh,astronomer_agents__init,PROMPT_INJECTION_016,HIGH,prompt-injection,
skills-sh:atxp-dev_cli__atxp,skills-sh,atxp-dev_cli__atxp,EXFIL_012,HIGH,exfiltration,
skills-sh:atxp-dev_cli__atxp,skills-sh,atxp-dev_cli__atxp,EXFIL_012,HIGH,exfiltration,
skills-sh:atxp-dev_cli__atxp,skills-sh,atxp-dev_cli__atxp,EXFIL_012,HIGH,exfiltration,
skills-sh:base44_skills__base44-cli,skills-sh,base44_skills__base44-cli,EXTDL_003,HIGH,external-download,
skills-sh:base44_skills__base44-cli,skills-sh,base44_skills__base44-cli,EXTDL_003,HIGH,external-download,
skills-sh:base44_skills__base44-cli,skills-sh,base44_skills__base44-cli,EXTDL_003,HIGH,external-download,
skills-sh:base44_skills__base44-cli,skills-sh,base44_skills__base44-cli,EXTDL_003,HIGH,external-download,
skills-sh:bobmatnyc_claude-mpm-skills__anthropic-sdk,skills-sh,bobmatnyc_claude-mpm-skills__anthropic-sdk,MCP_007,HIGH,mcp-attack,
skills-sh:bobmatnyc_claude-mpm-skills__express-production,skills-sh,bobmatnyc_claude-mpm-skills__express-production,MCP_007,HIGH,mcp-attack,
skills-sh:bobmatnyc_claude-mpm-skills__golang-cli-cobra-viper,skills-sh,bobmatnyc_claude-mpm-skills__golang-cli-cobra-viper,EXTDL_005,HIGH,external-download,
skills-sh:bobmatnyc_claude-mpm-skills__golang-cli-cobra-viper,skills-sh,bobmatnyc_claude-mpm-skills__golang-cli-cobra-viper,EXTDL_005,HIGH,external-download,
skills-sh:bobmatnyc_claude-mpm-skills__golang-cli-cobra-viper,skills-sh,bobmatnyc_claude-mpm-skills__golang-cli-cobra-viper,EXTDL_005,HIGH,external-download,
skills-sh:bobmatnyc_claude-mpm-skills__golang-cli-cobra-viper,skills-sh,bobmatnyc_claude-mpm-skills__golang-cli-cobra-viper,EXTDL_005,HIGH,external-download,
skills-sh:bobmatnyc_claude-mpm-skills__session-compression,skills-sh,bobmatnyc_claude-mpm-skills__session-compression,PROMPT_INJECTION_016,HIGH,prompt-injection,
skills-sh:bobmatnyc_claude-mpm-skills__trpc-type-safety,skills-sh,bobmatnyc_claude-mpm-skills__trpc-type-safety,SUPPLY_009,HIGH,supply-chain,
skills-sh:bobmatnyc_claude-mpm-skills__trpc-type-safety,skills-sh,bobmatnyc_claude-mpm-skills__trpc-type-safety,SUPPLY_009,HIGH,supply-chain,
skills-sh:bobmatnyc_claude-mpm-skills__trpc-type-safety,skills-sh,bobmatnyc_claude-mpm-skills__trpc-type-safety,SUPPLY_009,HIGH,supply-chain,
skills-sh:bobmatnyc_claude-mpm-skills__trpc-type-safety,skills-sh,bobmatnyc_claude-mpm-skills__trpc-type-safety,SUPPLY_009,HIGH,supply-chain,
skills-sh:bobmatnyc_claude-mpm-skills__wordpress-block-editor-fse,skills-sh,bobmatnyc_claude-mpm-skills__wordpress-block-editor-fse,NLP_HIDDEN_INSTRUCTION,HIGH,prompt-injection,
skills-sh:bobmatnyc_claude-mpm-skills__wordpress-block-editor-fse,skills-sh,bobmatnyc_claude-mpm-skills__wordpress-block-editor-fse,NLP_HIDDEN_INSTRUCTION,HIGH,prompt-injection,
skills-sh:bobmatnyc_claude-mpm-skills__wordpress-block-editor-fse,skills-sh,bobmatnyc_claude-mpm-skills__wordpress-block-editor-fse,NLP_HIDDEN_INSTRUCTION,HIGH,prompt-injection,
skills-sh:bobmatnyc_claude-mpm-skills__wordpress-block-editor-fse,skills-sh,bobmatnyc_claude-mpm-skills__wordpress-block-editor-fse,NLP_HIDDEN_INSTRUCTION,HIGH,prompt-injection,
skills-sh:bobmatnyc_claude-mpm-skills__wordpress-block-editor-fse,skills-sh,bobmatnyc_claude-mpm-skills__wordpress-block-editor-fse,NLP_HIDDEN_INSTRUCTION,HIGH,prompt-injection,
skills-sh:bobmatnyc_claude-mpm-skills__wordpress-block-editor-fse,skills-sh,bobmatnyc_claude-mpm-skills__wordpress-block-editor-fse,NLP_HIDDEN_INSTRUCTION,HIGH,prompt-injection,
skills-sh:bobmatnyc_claude-mpm-skills__wordpress-block-editor-fse,skills-sh,bobmatnyc_claude-mpm-skills__wordpress-block-editor-fse,NLP_HIDDEN_INSTRUCTION,HIGH,prompt-injection,
skills-sh:bobmatnyc_claude-mpm-skills__wordpress-block-editor-fse,skills-sh,bobmatnyc_claude-mpm-skills__wordpress-block-editor-fse,NLP_HIDDEN_INSTRUCTION,HIGH,prompt-injection,
skills-sh:bobmatnyc_claude-mpm-skills__wordpress-block-editor-fse,skills-sh,bobmatnyc_claude-mpm-skills__wordpress-block-editor-fse,NLP_HIDDEN_INSTRUCTION,HIGH,prompt-injection,
skills-sh:bobmatnyc_claude-mpm-skills__wordpress-block-editor-fse,skills-sh,bobmatnyc_claude-mpm-skills__wordpress-block-editor-fse,NLP_HIDDEN_INSTRUCTION,HIGH,prompt-injection,
skills-sh:bobmatnyc_claude-mpm-skills__wordpress-block-editor-fse,skills-sh,bobmatnyc_claude-mpm-skills__wordpress-block-editor-fse,NLP_HIDDEN_INSTRUCTION,HIGH,prompt-injection,
skills-sh:bobmatnyc_claude-mpm-skills__wordpress-block-editor-fse,skills-sh,bobmatnyc_claude-mpm-skills__wordpress-block-editor-fse,NLP_HIDDEN_INSTRUCTION,HIGH,prompt-injection,
skills-sh:bobmatnyc_claude-mpm-skills__wordpress-block-editor-fse,skills-sh,bobmatnyc_claude-mpm-skills__wordpress-block-editor-fse,NLP_HIDDEN_INSTRUCTION,HIGH,prompt-injection,
skills-sh:bobmatnyc_claude-mpm-skills__wordpress-block-editor-fse,skills-sh,bobmatnyc_claude-mpm-skills__wordpress-block-editor-fse,NLP_HIDDEN_INSTRUCTION,HIGH,prompt-injection,
skills-sh:bobmatnyc_claude-mpm-skills__wordpress-security-validation,skills-sh,bobmatnyc_claude-mpm-skills__wordpress-security-validation,MCP_003,HIGH,mcp-attack,
skills-sh:bobmatnyc_claude-mpm-skills__wordpress-security-validation,skills-sh,bobmatnyc_claude-mpm-skills__wordpress-security-validation,SUPPLY_009,HIGH,supply-chain,
skills-sh:boshu2_agentops__council,skills-sh,boshu2_agentops__council,PROMPT_INJECTION_017,HIGH,prompt-injection,
skills-sh:boshu2_agentops__council,skills-sh,boshu2_agentops__council,PROMPT_INJECTION_002,HIGH,prompt-injection,
skills-sh:boshu2_agentops__crank,skills-sh,boshu2_agentops__crank,PROMPT_INJECTION_017,HIGH,prompt-injection,
skills-sh:boshu2_agentops__crank,skills-sh,boshu2_agentops__crank,PROMPT_INJECTION_017,HIGH,prompt-injection,
skills-sh:boshu2_agentops__evolve,skills-sh,boshu2_agentops__evolve,EXFIL_002,HIGH,exfiltration,
skills-sh:boshu2_agentops__flywheel,skills-sh,boshu2_agentops__flywheel,PROMPT_INJECTION_016,HIGH,prompt-injection,
skills-sh:boshu2_agentops__plan,skills-sh,boshu2_agentops__plan,PROMPT_INJECTION_017,HIGH,prompt-injection,
skills-sh:boshu2_agentops__plan,skills-sh,boshu2_agentops__plan,PROMPT_INJECTION_017,HIGH,prompt-injection,
skills-sh:boshu2_agentops__quickstart,skills-sh,boshu2_agentops__quickstart,PROMPT_INJECTION_016,HIGH,prompt-injection,
skills-sh:boshu2_agentops__rpi,skills-sh,boshu2_agentops__rpi,PROMPT_INJECTION_017,HIGH,prompt-injection,
skills-sh:boshu2_agentops__shared,skills-sh,boshu2_agentops__shared,PROMPT_INJECTION_017,HIGH,prompt-injection,
clawhub:agentvoices,clawhub,agentvoices,EXTDL_002,MEDIUM,external-download,
clawhub:indexy,clawhub,indexy,NLP_AUTHORITY_CLAIM,MEDIUM,prompt-injection,
lobehub:plugin_google-cse,lobehub,plugin_google-cse,NLP_AUTHORITY_CLAIM,MEDIUM,prompt-injection,
mcp-so:302_sandbox_mcp_302ai,mcp-so,302_sandbox_mcp_302ai,NLP_HEADING_MISMATCH,MEDIUM,prompt-injection,
mcp-so:Figma-Context-MCP_GLips,mcp-so,Figma-Context-MCP_GLips,NLP_HEADING_MISMATCH,MEDIUM,prompt-injection,
mcp-so:MiniMax-MCP_MiniMax-AI,mcp-so,MiniMax-MCP_MiniMax-AI,NLP_AUTHORITY_CLAIM,MEDIUM,prompt-injection,
mcp-so:MiniMax-MCP_MiniMax-AI,mcp-so,MiniMax-MCP_MiniMax-AI,NLP_HEADING_MISMATCH,MEDIUM,prompt-injection,
mcp-so:agentql-mcp_tinyfish-io,mcp-so,agentql-mcp_tinyfish-io,NLP_HEADING_MISMATCH,MEDIUM,prompt-injection,
mcp-so:amap-maps_amap,mcp-so,amap-maps_amap,NLP_HEADING_MISMATCH,MEDIUM,prompt-injection,
mcp-so:aws-kb-retrieval-server_modelcontextprotocol,mcp-so,aws-kb-retrieval-server_modelcontextprotocol,NLP_HEADING_MISMATCH,MEDIUM,prompt-injection,
mcp-so:baidu-map_baidu-maps,mcp-so,baidu-map_baidu-maps,NLP_HEADING_MISMATCH,MEDIUM,prompt-injection,
mcp-so:brave-search_modelcontextprotocol,mcp-so,brave-search_modelcontextprotocol,NLP_HEADING_MISMATCH,MEDIUM,prompt-injection,
mcp-so:everart_modelcontextprotocol,mcp-so,everart_modelcontextprotocol,NLP_HEADING_MISMATCH,MEDIUM,prompt-injection,
mcp-so:firecrawl-mcp-server_mendableai,mcp-so,firecrawl-mcp-server_mendableai,NLP_AUTHORITY_CLAIM,MEDIUM,prompt-injection,
mcp-so:firecrawl-mcp-server_mendableai,mcp-so,firecrawl-mcp-server_mendableai,NLP_HEADING_MISMATCH,MEDIUM,prompt-injection,
mcp-so:google-maps_modelcontextprotocol,mcp-so,google-maps_modelcontextprotocol,NLP_HEADING_MISMATCH,MEDIUM,prompt-injection,
mcp-so:perplexity_ppl-ai,mcp-so,perplexity_ppl-ai,NLP_HEADING_MISMATCH,MEDIUM,prompt-injection,
mcp-so:search1api,mcp-so,search1api,NLP_HEADING_MISMATCH,MEDIUM,prompt-injection,
mcp-so:serper-mcp-server_garymengcom,mcp-so,serper-mcp-server_garymengcom,NLP_HEADING_MISMATCH,MEDIUM,prompt-injection,
skills-sh:aj-geddes_useful-ai-prompts__gcp-cloud-functions,skills-sh,aj-geddes_useful-ai-prompts__gcp-cloud-functions,EXFIL_009,MEDIUM,exfiltration,
skills-sh:apify_agent-skills__apify-actor-development,skills-sh,apify_agent-skills__apify-actor-development,EXTDL_004,MEDIUM,external-download,
skills-sh:apify_agent-skills__apify-actorization,skills-sh,apify_agent-skills__apify-actorization,EXTDL_004,MEDIUM,external-download,
skills-sh:apollographql_skills__rover,skills-sh,apollographql_skills__rover,EXTDL_004,MEDIUM,external-download,
skills-sh:axiomhq_skills__axiom-sre,skills-sh,axiomhq_skills__axiom-sre,NLP_AUTHORITY_CLAIM,MEDIUM,prompt-injection,
skills-sh:aj-geddes_useful-ai-prompts__documentation-site-setup,skills-sh,aj-geddes_useful-ai-prompts__documentation-site-setup,EXTDL_004,MEDIUM,external-download,
skills-sh:aj-geddes_useful-ai-prompts__penetration-testing,skills-sh,aj-geddes_useful-ai-prompts__penetration-testing,EXFIL_010,MEDIUM,exfiltration,
skills-sh:alinaqi_claude-bootstrap__reddit-api,skills-sh,alinaqi_claude-bootstrap__reddit-api,EXFIL_009,MEDIUM,exfiltration,
skills-sh:anthropics_skills__mcp-builder,skills-sh,anthropics_skills__mcp-builder,EXTDL_002,MEDIUM,external-download,
skills-sh:anthropics_skills__mcp-builder,skills-sh,anthropics_skills__mcp-builder,EXTDL_008,MEDIUM,external-download,
skills-sh:base44_skills__base44-cli,skills-sh,base44_skills__base44-cli,EXTDL_004,MEDIUM,external-download,
skills-sh:bobmatnyc_claude-mpm-skills__express-production,skills-sh,bobmatnyc_claude-mpm-skills__express-production,EXTDL_004,MEDIUM,external-download,
skills-sh:bobmatnyc_claude-mpm-skills__golang-cli-cobra-viper,skills-sh,bobmatnyc_claude-mpm-skills__golang-cli-cobra-viper,NLP_AUTHORITY_CLAIM,MEDIUM,prompt-injection,
skills-sh:bobmatnyc_claude-mpm-skills__wordpress-block-editor-fse,skills-sh,bobmatnyc_claude-mpm-skills__wordpress-block-editor-fse,EXTDL_008,MEDIUM,external-download,
skills-sh:bobmatnyc_claude-mpm-skills__wordpress-block-editor-fse,skills-sh,bobmatnyc_claude-mpm-skills__wordpress-block-editor-fse,EXFIL_010,MEDIUM,exfiltration,
skills-sh:bobmatnyc_claude-mpm-skills__wordpress-block-editor-fse,skills-sh,bobmatnyc_claude-mpm-skills__wordpress-block-editor-fse,EXTDL_008,MEDIUM,external-download,
skills-sh:bobmatnyc_claude-mpm-skills__wordpress-block-editor-fse,skills-sh,bobmatnyc_claude-mpm-skills__wordpress-block-editor-fse,EXTDL_008,MEDIUM,external-download,
skills-sh:bobmatnyc_claude-mpm-skills__wordpress-security-validation,skills-sh,bobmatnyc_claude-mpm-skills__wordpress-security-validation,NLP_AUTHORITY_CLAIM,MEDIUM,prompt-injection,
skills-sh:actionbook_actionbook__active-research,skills-sh,actionbook_actionbook__active-research,EXTDL_008,MEDIUM,external-download,
skills-sh:actionbook_actionbook__active-research,skills-sh,actionbook_actionbook__active-research,EXTDL_004,MEDIUM,external-download,
skills-sh:actionbook_actionbook__active-research,skills-sh,actionbook_actionbook__active-research,EXTDL_004,MEDIUM,external-download,
skills-sh:actionbook_actionbook__active-research,skills-sh,actionbook_actionbook__active-research,EXTDL_008,MEDIUM,external-download,
skills-sh:actionbook_actionbook__active-research,skills-sh,actionbook_actionbook__active-research,EXTDL_004,MEDIUM,external-download,
skills-sh:actionbook_actionbook__active-research,skills-sh,actionbook_actionbook__active-research,EXTDL_004,MEDIUM,external-download,
skills-sh:affaan-m_everything-claude-code__security-scan,skills-sh,affaan-m_everything-claude-code__security-scan,NLP_HEADING_MISMATCH,MEDIUM,prompt-injection,
skills-sh:affaan-m_everything-claude-code__security-scan,skills-sh,affaan-m_everything-claude-code__security-scan,EXTDL_004,MEDIUM,external-download,
skills-sh:affaan-m_everything-claude-code__springboot-security,skills-sh,affaan-m_everything-claude-code__springboot-security,NLP_HEADING_MISMATCH,MEDIUM,prompt-injection,
skills-sh:agentmail-to_agentmail-skills__agentmail,skills-sh,agentmail-to_agentmail-skills__agentmail,EXFIL_009,MEDIUM,exfiltration,
skills-sh:aj-geddes_useful-ai-prompts__csrf-protection,skills-sh,aj-geddes_useful-ai-prompts__csrf-protection,EXFIL_009,MEDIUM,exfiltration,
skills-sh:aj-geddes_useful-ai-prompts__dependency-management,skills-sh,aj-geddes_useful-ai-prompts__dependency-management,EXTDL_004,MEDIUM,external-download,
skills-sh:aj-geddes_useful-ai-prompts__dependency-management,skills-sh,aj-geddes_useful-ai-prompts__dependency-management,EXTDL_004,MEDIUM,external-download,
skills-sh:aj-geddes_useful-ai-prompts__error-tracking,skills-sh,aj-geddes_useful-ai-prompts__error-tracking,EXTDL_004,MEDIUM,external-download,
skills-sh:aj-geddes_useful-ai-prompts__gitlab-cicd-pipeline,skills-sh,aj-geddes_useful-ai-prompts__gitlab-cicd-pipeline,EXTDL_004,MEDIUM,external-download,
skills-sh:aj-geddes_useful-ai-prompts__markdown-documentation,skills-sh,aj-geddes_useful-ai-prompts__markdown-documentation,EXTDL_004,MEDIUM,external-download,
skills-sh:aj-geddes_useful-ai-prompts__markdown-documentation,skills-sh,aj-geddes_useful-ai-prompts__markdown-documentation,EXTDL_004,MEDIUM,external-download,
skills-sh:aj-geddes_useful-ai-prompts__microservices-architecture,skills-sh,aj-geddes_useful-ai-prompts__microservices-architecture,EXFIL_009,MEDIUM,exfiltration,
skills-sh:alinaqi_claude-bootstrap__klaviyo,skills-sh,alinaqi_claude-bootstrap__klaviyo,EXFIL_009,MEDIUM,exfiltration,
skills-sh:alinaqi_claude-bootstrap__supabase,skills-sh,alinaqi_claude-bootstrap__supabase,EXTDL_004,MEDIUM,external-download,
skills-sh:alinaqi_claude-bootstrap__web-payments,skills-sh,alinaqi_claude-bootstrap__web-payments,NLP_HEADING_MISMATCH,MEDIUM,prompt-injection,
skills-sh:alinaqi_claude-bootstrap__woocommerce,skills-sh,alinaqi_claude-bootstrap__woocommerce,NLP_HEADING_MISMATCH,MEDIUM,prompt-injection,
skills-sh:alinaqi_claude-bootstrap__woocommerce,skills-sh,alinaqi_claude-bootstrap__woocommerce,EXFIL_009,MEDIUM,exfiltration,
skills-sh:anthropics_skills__docx,skills-sh,anthropics_skills__docx,EXTDL_004,MEDIUM,external-download,
skills-sh:anthropics_skills__docx,skills-sh,anthropics_skills__docx,EXTDL_004,MEDIUM,external-download,
skills-sh:anthropics_skills__pptx,skills-sh,anthropics_skills__pptx,EXTDL_004,MEDIUM,external-download,
skills-sh:apify_agent-skills__apify-audience-analysis,skills-sh,apify_agent-skills__apify-audience-analysis,EXTDL_004,MEDIUM,external-download,
skills-sh:apify_agent-skills__apify-audience-analysis,skills-sh,apify_agent-skills__apify-audience-analysis,EXTDL_004,MEDIUM,external-download,
skills-sh:apify_agent-skills__apify-brand-reputation-monitoring,skills-sh,apify_agent-skills__apify-brand-reputation-monitoring,EXTDL_004,MEDIUM,external-download,
skills-sh:apify_agent-skills__apify-brand-reputation-monitoring,skills-sh,apify_agent-skills__apify-brand-reputation-monitoring,EXTDL_004,MEDIUM,external-download,
skills-sh:apify_agent-skills__apify-competitor-intelligence,skills-sh,apify_agent-skills__apify-competitor-intelligence,EXTDL_004,MEDIUM,external-download,
skills-sh:apify_agent-skills__apify-competitor-intelligence,skills-sh,apify_agent-skills__apify-competitor-intelligence,EXTDL_004,MEDIUM,external-download,
skills-sh:apify_agent-skills__apify-content-analytics,skills-sh,apify_agent-skills__apify-content-analytics,EXTDL_004,MEDIUM,external-download,
skills-sh:apify_agent-skills__apify-content-analytics,skills-sh,apify_agent-skills__apify-content-analytics,EXTDL_004,MEDIUM,external-download,
skills-sh:apify_agent-skills__apify-influencer-discovery,skills-sh,apify_agent-skills__apify-influencer-discovery,EXTDL_004,MEDIUM,external-download,
skills-sh:apify_agent-skills__apify-influencer-discovery,skills-sh,apify_agent-skills__apify-influencer-discovery,EXTDL_004,MEDIUM,external-download,
skills-sh:apify_agent-skills__apify-lead-generation,skills-sh,apify_agent-skills__apify-lead-generation,EXTDL_004,MEDIUM,external-download,
skills-sh:apify_agent-skills__apify-lead-generation,skills-sh,apify_agent-skills__apify-lead-generation,EXTDL_004,MEDIUM,external-download,
skills-sh:apify_agent-skills__apify-market-research,skills-sh,apify_agent-skills__apify-market-research,EXTDL_004,MEDIUM,external-download,
skills-sh:apify_agent-skills__apify-market-research,skills-sh,apify_agent-skills__apify-market-research,EXTDL_004,MEDIUM,external-download,
skills-sh:apify_agent-skills__apify-trend-analysis,skills-sh,apify_agent-skills__apify-trend-analysis,EXTDL_004,MEDIUM,external-download,
skills-sh:apify_agent-skills__apify-trend-analysis,skills-sh,apify_agent-skills__apify-trend-analysis,EXTDL_004,MEDIUM,external-download,
skills-sh:apify_agent-skills__apify-ultimate-scraper,skills-sh,apify_agent-skills__apify-ultimate-scraper,EXTDL_004,MEDIUM,external-download,
skills-sh:apify_agent-skills__apify-ultimate-scraper,skills-sh,apify_agent-skills__apify-ultimate-scraper,EXTDL_004,MEDIUM,external-download,
skills-sh:arcblock_myvibe-skills__myvibe-publish,skills-sh,arcblock_myvibe-skills__myvibe-publish,EXTDL_004,MEDIUM,external-download,
skills-sh:arcblock_myvibe-skills__myvibe-publish,skills-sh,arcblock_myvibe-skills__myvibe-publish,EXTDL_004,MEDIUM,external-download,
skills-sh:avivk5498_the-claude-protocol__create-beads-orchestration,skills-sh,avivk5498_the-claude-protocol__create-beads-orchestration,EXTDL_004,MEDIUM,external-download,
skills-sh:avivk5498_the-claude-protocol__create-beads-orchestration,skills-sh,avivk5498_the-claude-protocol__create-beads-orchestration,EXTDL_004,MEDIUM,external-download,
skills-sh:bankrbot_openclaw-skills__bankr,skills-sh,bankrbot_openclaw-skills__bankr,EXTDL_004,MEDIUM,external-download,
skills-sh:bankrbot_openclaw-skills__botchan,skills-sh,bankrbot_openclaw-skills__botchan,EXTDL_004,MEDIUM,external-download,
skills-sh:bankrbot_openclaw-skills__clanker,skills-sh,bankrbot_openclaw-skills__clanker,NLP_HEADING_MISMATCH,MEDIUM,prompt-injection,
skills-sh:bankrbot_openclaw-skills__ens-primary-name,skills-sh,bankrbot_openclaw-skills__ens-primary-name,EXTDL_004,MEDIUM,external-download,
skills-sh:bankrbot_openclaw-skills__veil,skills-sh,bankrbot_openclaw-skills__veil,EXTDL_004,MEDIUM,external-download,
skills-sh:better-auth_skills__better-auth-best-practices,skills-sh,better-auth_skills__better-auth-best-practices,EXTDL_008,MEDIUM,external-download,
skills-sh:better-auth_skills__create-auth-skill,skills-sh,better-auth_skills__create-auth-skill,NLP_AUTHORITY_CLAIM,MEDIUM,prompt-injection,
skills-sh:better-auth_skills__organization-best-practices,skills-sh,better-auth_skills__organization-best-practices,EXTDL_008,MEDIUM,external-download,
skills-sh:better-auth_skills__two-factor-authentication-best-practices,skills-sh,better-auth_skills__two-factor-authentication-best-practices,EXTDL_008,MEDIUM,external-download,
skills-sh:bobmatnyc_claude-mpm-skills__api-design-patterns,skills-sh,bobmatnyc_claude-mpm-skills__api-design-patterns,EXFIL_009,MEDIUM,exfiltration,
skills-sh:bobmatnyc_claude-mpm-skills__biome,skills-sh,bobmatnyc_claude-mpm-skills__biome,EXTDL_008,MEDIUM,external-download,
skills-sh:bobmatnyc_claude-mpm-skills__biome,skills-sh,bobmatnyc_claude-mpm-skills__biome,EXTDL_008,MEDIUM,external-download,
skills-sh:bobmatnyc_claude-mpm-skills__biome,skills-sh,bobmatnyc_claude-mpm-skills__biome,EXTDL_008,MEDIUM,external-download,
skills-sh:bobmatnyc_claude-mpm-skills__biome,skills-sh,bobmatnyc_claude-mpm-skills__biome,EXTDL_008,MEDIUM,external-download,
skills-sh:bobmatnyc_claude-mpm-skills__biome,skills-sh,bobmatnyc_claude-mpm-skills__biome,EXTDL_008,MEDIUM,external-download,
skills-sh:bobmatnyc_claude-mpm-skills__biome,skills-sh,bobmatnyc_claude-mpm-skills__biome,EXTDL_008,MEDIUM,external-download,
skills-sh:bobmatnyc_claude-mpm-skills__biome,skills-sh,bobmatnyc_claude-mpm-skills__biome,EXTDL_008,MEDIUM,external-download,
skills-sh:bobmatnyc_claude-mpm-skills__biome,skills-sh,bobmatnyc_claude-mpm-skills__biome,EXTDL_008,MEDIUM,external-download,
skills-sh:bobmatnyc_claude-mpm-skills__biome,skills-sh,bobmatnyc_claude-mpm-skills__biome,EXTDL_008,MEDIUM,external-download,
skills-sh:bobmatnyc_claude-mpm-skills__biome,skills-sh,bobmatnyc_claude-mpm-skills__biome,EXTDL_008,MEDIUM,external-download,
skills-sh:bobmatnyc_claude-mpm-skills__biome,skills-sh,bobmatnyc_claude-mpm-skills__biome,EXTDL_008,MEDIUM,external-download,
skills-sh:bobmatnyc_claude-mpm-skills__biome,skills-sh,bobmatnyc_claude-mpm-skills__biome,EXTDL_008,MEDIUM,external-download,
skills-sh:bobmatnyc_claude-mpm-skills__biome,skills-sh,bobmatnyc_claude-mpm-skills__biome,EXTDL_008,MEDIUM,external-download,
skills-sh:bobmatnyc_claude-mpm-skills__golang-observability-opentelemetry,skills-sh,bobmatnyc_claude-mpm-skills__golang-observability-opentelemetry,NLP_AUTHORITY_CLAIM,MEDIUM,prompt-injection,
skills-sh:bobmatnyc_claude-mpm-skills__golang-observability-opentelemetry,skills-sh,bobmatnyc_claude-mpm-skills__golang-observability-opentelemetry,NLP_HEADING_MISMATCH,MEDIUM,prompt-injection,
skills-sh:bobmatnyc_claude-mpm-skills__sveltekit,skills-sh,bobmatnyc_claude-mpm-skills__sveltekit,EXTDL_004,MEDIUM,external-download,
skills-sh:bobmatnyc_claude-mpm-skills__wordpress-advanced-architecture,skills-sh,bobmatnyc_claude-mpm-skills__wordpress-advanced-architecture,NLP_AUTHORITY_CLAIM,MEDIUM,prompt-injection,
skills-sh:boshu2_agentops__swarm,skills-sh,boshu2_agentops__swarm,NLP_HEADING_MISMATCH,MEDIUM,prompt-injection,
